{
  "baseline_score": 274.23,
  "final_score": 6874.195228677496,
  "improvement": 6599.965228677496,
  "iterations": 2000,
  "timestamp": "2025-08-05T11:55:58.854080"
}