{
  "baseline_score": 274.23,
  "final_score": 6874.058896313313,
  "improvement": 6599.828896313313,
  "iterations": 500,
  "timestamp": "2025-08-04T23:30:34.400044"
}